x1_binary,x2_5level_discrete,x3_5level_decimal,x4_4level_categorical,x5_3level_categorical,x6_binary,pred_mean,pred_std
0,1,0.0,1,0,1,0.019487787,0.93806875
0,1,0.0,1,0,0,-0.0046036355,0.93443334
0,1,0.0,1,1,1,0.023194332,0.9367594
0,1,0.0,1,1,0,-0.0014905445,0.9335561
0,1,0.0,1,2,1,0.017345894,0.9420398
0,1,0.0,1,2,0,-0.005758416,0.93955344
0,1,0.0,3,0,1,0.06375402,0.9576096
0,1,0.0,3,0,0,0.084443666,0.95506483
0,1,0.0,3,1,1,0.046760533,0.9551494
0,1,0.0,3,1,0,0.065461636,0.9522295
0,1,0.0,3,2,1,0.024436172,0.9569804
0,1,0.0,3,2,0,0.03890546,0.9541764
0,1,0.0,0,0,1,0.028553233,0.94969386
0,1,0.0,0,0,0,0.01287993,0.9480757
0,1,0.0,0,1,1,0.02779485,0.9492125
0,1,0.0,0,1,0,0.0075312406,0.9476838
0,1,0.0,0,2,1,0.028308969,0.95358735
0,1,0.0,0,2,0,0.005495418,0.95246315
0,1,0.0,2,0,1,-0.67809325,0.9415449
0,1,0.0,2,0,0,-0.68666714,0.9426147
0,1,0.0,2,1,1,-0.7040799,0.93348247
0,1,0.0,2,1,0,-0.71453255,0.93528754
0,1,0.0,2,2,1,-0.6768879,0.9320717
0,1,0.0,2,2,0,-0.6879442,0.9345024
0,1,0.25,1,0,1,0.02518772,0.93753046
0,1,0.25,1,0,0,0.00028126314,0.93397015
0,1,0.25,1,1,1,0.029258806,0.93595403
0,1,0.25,1,1,0,0.0036031492,0.9327953
0,1,0.25,1,2,1,0.022435475,0.94112855
0,1,0.25,1,2,0,-0.0015685372,0.9386346
0,1,0.25,3,0,1,0.06511931,0.95670396
0,1,0.25,3,0,0,0.08665295,0.9540526
0,1,0.25,3,1,1,0.047837835,0.9542214
0,1,0.25,3,1,0,0.06731054,0.9511884
0,1,0.25,3,2,1,0.024889696,0.9561788
0,1,0.25,3,2,0,0.03986274,0.95328337
0,1,0.25,0,0,1,0.025319733,0.9488126
0,1,0.25,0,0,0,0.009498239,0.94708616
0,1,0.25,0,1,1,0.023825254,0.9483412
0,1,0.25,0,1,0,0.0032367744,0.94669455
0,1,0.25,0,2,1,0.02406044,0.952862
0,1,0.25,0,2,0,0.0008643158,0.95164055
0,1,0.25,2,0,1,-0.6821777,0.94127536
0,1,0.25,2,0,0,-0.6912502,0.94218963
0,1,0.25,2,1,1,-0.7088753,0.9332013
0,1,0.25,2,1,0,-0.7199572,0.934808
0,1,0.25,2,2,1,-0.68177,0.9318462
0,1,0.25,2,2,0,-0.6934183,0.93407977
0,1,0.5,1,0,1,0.030591775,0.93759453
0,1,0.5,1,0,0,0.0050349124,0.9341817
0,1,0.5,1,1,1,0.034930695,0.93575674
0,1,0.5,1,1,0,0.0084169395,0.93269736
0,1,0.5,1,2,1,0.027178783,0.94073474
0,1,0.5,1,2,0,0.0024019964,0.9382677
0,1,0.5,3,0,1,0.06603596,0.9561437
0,1,0.5,3,0,0,0.08823821,0.9534266
0,1,0.5,3,1,1,0.048620332,0.95367855
0,1,0.5,3,1,0,0.068721116,0.95058405
0,1,0.5,3,2,1,0.025295619,0.95574325
0,1,0.5,3,2,0,0.04070699,0.95280814
0,1,0.5,0,0,1,0.021967985,0.9484088
0,1,0.5,0,0,0,0.0060370527,0.94660294
0,1,0.5,0,1,1,0.019780148,0.9479407
0,1,0.5,0,1,0,-0.0010086782,0.9462037
0,1,0.5,0,2,1,0.019766007,0.95253307
0,1,0.5,0,2,0,-0.0036367886,0.9512329
0,1,0.5,2,0,1,-0.6819951,0.94155145
0,1,0.5,2,0,0,-0.69155985,0.94228494
0,1,0.5,2,1,1,-0.70909154,0.93359643
0,1,0.5,2,1,0,-0.7207698,0.9349614
0,1,0.5,2,2,1,-0.6822395,0.93234015
0,1,0.5,2,2,0,-0.6944342,0.93431604
0,1,0.75,1,0,1,0.03546946,0.938252
0,1,0.75,1,0,0,0.009454478,0.9350413
0,1,0.75,1,1,1,0.0399413,0.93617624
0,1,0.75,1,1,0,0.012731899,0.93326014
0,1,0.75,1,2,1,0.031376977,0.94087774
0,1,0.75,1,2,0,0.0059978254,0.9384692
0,1,0.75,3,0,1,0.06642654,0.9559555
0,1,0.75,3,0,0,0.089073434,0.9532206
0,1,0.75,3,1,1,0.049037974,0.95354676
0,1,0.75,3,1,0,0.06957525,0.95044994
0,1,0.75,3,2,1,0.025614295,0.9556934
0,1,0.75,3,2,0,0.04138201,0.9527749
0,1,0.75,0,0,1,0.018582098,0.9485051
0,1,0.75,0,0,0,0.0025778674,0.946656
0,1,0.75,0,1,1,0.01577298,0.9480322
0,1,0.75,0,1,0,-0.0050734505,0.9462404
0,1,0.75,0,2,1,0.015546549,0.95261616
0,1,0.75,0,2,0,-0.007873524,0.95126134
0,1,0.75,2,0,1,-0.67758316,0.9423561
0,1,0.75,2,0,0,-0.6875841,0.9428965
0,1,0.75,2,1,1,-0.70474106,0.9346415
0,1,0.75,2,1,0,-0.7169227,0.93574065
0,1,0.75,2,2,1,-0.6783111,0.93351537
0,1,0.75,2,2,0,-0.69094336,0.93519723
0,1,1.0,1,0,1,0.039623905,0.939467
0,1,1.0,1,0,0,0.013373602,0.93649393
0,1,1.0,1,1,1,0.04404654,0.93719274
0,1,1.0,1,1,0,0.016391207,0.9344506
0,1,1.0,1,2,1,0.034865547,0.9415536
0,1,1.0,1,2,0,0.009104151,0.9392309
0,1,1.0,3,0,1,0.066244185,0.9561503
0,1,1.0,3,0,0,0.089072675,0.9534494
0,1,1.0,3,1,1,0.04904347,0.9538332
0,1,1.0,3,1,0,0.069789395,0.9507951
0,1,1.0,3,2,1,0.025809634,0.95603067
0,1,1.0,3,2,0,0.041825626,0.95318395
0,1,1.0,0,0,1,0.0152513385,0.9490967
0,1,1.0,0,0,0,-0.00077163056,0.94724417
0,1,1.0,0,1,1,0.011916053,0.9486125
0,1,1.0,0,1,0,-0.008830689,0.9468059
0,1,1.0,0,2,1,0.011518035,0.9531087
0,1,1.0,0,2,0,-0.011723723,0.95172673
0,1,1.0,2,0,1,-0.66909784,0.94365054
0,1,1.0,2,0,0,-0.67943496,0.94399905
0,1,1.0,2,1,1,-0.6959823,0.9362811
0,1,1.0,2,1,0,-0.7085155,0.9371111
0,1,1.0,2,2,1,-0.67014384,0.9353028
0,1,1.0,2,2,0,-0.68306047,0.9366789
0,2,0.0,1,0,1,-0.080184266,0.9484362
0,2,0.0,1,0,0,-0.0981157,0.94827676
0,2,0.0,1,1,1,-0.09259488,0.9458987
0,2,0.0,1,1,0,-0.110844895,0.9460157
0,2,0.0,1,2,1,-0.09494375,0.94825387
0,2,0.0,1,2,0,-0.11148499,0.9485982
0,2,0.0,3,0,1,0.035778034,0.9556539
0,2,0.0,3,0,0,0.05898455,0.9550141
0,2,0.0,3,1,1,0.025549565,0.95421135
0,2,0.0,3,1,0,0.04780518,0.9535975
0,2,0.0,3,2,1,0.014837492,0.9569459
0,2,0.0,3,2,0,0.03410702,0.9563842
0,2,0.0,0,0,1,0.050544593,0.9443221
0,2,0.0,0,0,0,0.0269062,0.9454569
0,2,0.0,0,1,1,0.0787753,0.9409357
0,2,0.0,0,1,0,0.050177526,0.9427696
0,2,0.0,0,2,1,0.10112621,0.9432983
0,2,0.0,0,2,0,0.07041156,0.94553685
0,2,0.0,2,0,1,-0.53639686,0.9420857
0,2,0.0,2,0,0,-0.55905473,0.9407544
0,2,0.0,2,1,1,-0.52741486,0.93600863
0,2,0.0,2,1,0,-0.55351394,0.9349508
0,2,0.0,2,2,1,-0.4834168,0.93616736
0,2,0.0,2,2,0,-0.5097546,0.9357696
0,2,0.25,1,0,1,-0.07924391,0.9480702
0,2,0.25,1,0,0,-0.09776302,0.94791865
0,2,0.25,1,1,1,-0.09189214,0.9454171
0,2,0.25,1,1,0,-0.11078994,0.94553393
0,2,0.25,1,2,1,-0.094531104,0.9477236
0,2,0.25,1,2,0,-0.11166476,0.94806015
0,2,0.25,3,0,1,0.032777045,0.95481986
0,2,0.25,3,0,0,0.05665416,0.9542119
0,2,0.25,3,1,1,0.02242649,0.95335585
0,2,0.25,3,1,0,0.045326818,0.95277894
0,2,0.25,3,2,1,0.011870895,0.9561983
0,2,0.25,3,2,0,0.03167333,0.9556684
0,2,0.25,0,0,1,0.04810522,0.9436895
0,2,0.25,0,0,0,0.024317846,0.9448262
0,2,0.25,0,1,1,0.075984985,0.94029915
0,2,0.25,0,1,0,0.047205124,0.9421333
0,2,0.25,0,2,1,0.098221496,0.9427484
0,2,0.25,0,2,0,0.067316115,0.94498414
0,2,0.25,2,0,1,-0.54037577,0.9416545
0,2,0.25,2,0,0,-0.5631432,0.9402056
0,2,0.25,2,1,1,-0.53194815,0.93553257
0,2,0.25,2,1,0,-0.5582331,0.93430775
0,2,0.25,2,2,1,-0.48806292,0.93574095
0,2,0.25,2,2,0,-0.5145971,0.93517333
0,2,0.5,1,0,1,-0.07748105,0.9481223
0,2,0.5,1,0,0,-0.09644972,0.94797873
0,2,0.5,1,1,1,-0.090265945,0.94538283
0,2,0.5,1,1,0,-0.10966866,0.94549465
0,2,0.5,1,2,1,-0.093199655,0.9476107
0,2,0.5,1,2,0,-0.110804215,0.9479306
0,2,0.5,3,0,1,0.029755425,0.9543271
0,2,0.5,3,0,0,0.054132763,0.953759
0,2,0.5,3,1,1,0.019342575,0.9528576
0,2,0.5,3,1,0,0.042729545,0.95232487
0,2,0.5,3,2,1,0.009018455,0.95577395
0,2,0.5,3,2,0,0.029226828,0.9552822
0,2,0.5,0,0,1,0.045312572,0.94354147
0,2,0.5,0,0,0,0.021584552,0.94466275
0,2,0.5,0,1,1,0.07244909,0.94020534
0,2,0.5,0,1,0,0.043792177,0.9420054
0,2,0.5,0,2,1,0.09427798,0.94272566
0,2,0.5,0,2,0,0.0635556,0.9449116
0,2,0.5,2,0,1,-0.5413564,0.941737
0,2,0.5,2,0,0,-0.56392527,0.94020444
0,2,0.5,2,1,1,-0.5336912,0.9356563
0,2,0.5,2,1,0,-0.55979764,0.93429506
0,2,0.5,2,2,1,-0.49037874,0.93591547
0,2,0.5,2,2,0,-0.51673645,0.9351924
0,2,0.75,1,0,1,-0.0749322,0.9485891
0,2,0.75,1,0,0,-0.09419511,0.9484533
0,2,0.75,1,1,1,-0.08774902,0.9457962
0,2,0.75,1,1,0,-0.10749404,0.94589835
0,2,0.75,1,2,1,-0.09097375,0.94791895
0,2,0.75,1,2,0,-0.10891043,0.94821435
0,2,0.75,3,0,1,0.026789475,0.95419633
0,2,0.75,3,0,0,0.051476825,0.95367414
0,2,0.75,3,1,1,0.016373921,0.95273775
0,2,0.75,3,1,0,0.0400714,0.95225406
0,2,0.75,3,2,1,0.0063449033,0.9556899
0,2,0.75,3,2,0,0.026819248,0.95524096
0,2,0.75,0,0,1,0.04223937,0.94388205
0,2,0.75,0,0,0,0.018772043,0.9449715
0,2,0.75,0,1,1,0.06828354,0.9406532
0,2,0.75,0,1,0,0.040036444,0.94238794
0,2,0.75,0,2,1,0.08945124,0.9432226
0,2,0.75,0,2,0,0.05924746,0.94531775
0,2,0.75,2,0,1,-0.5393322,0.9423289
0,2,0.75,2,0,0,-0.5614272,0.9407498
0,2,0.75,2,1,1,-0.53258276,0.9363741
0,2,0.75,2,1,0,-0.558168,0.9349167
0,2,0.75,2,2,1,-0.49025,0.9366812
0,2,0.75,2,2,0,-0.5160908,0.935829
0,2,1.0,1,0,1,-0.07165907,0.94945174
0,2,1.0,1,0,0,-0.09105076,0.94932306
0,2,1.0,1,1,1,-0.08440404,0.94664085
0,2,1.0,1,1,0,-0.10431464,0.9467294
0,2,1.0,1,2,1,-0.08790709,0.94863653
0,2,1.0,1,2,0,-0.10602431,0.94890094
0,2,1.0,3,0,1,0.023953546,0.9544347
0,2,1.0,3,0,0,0.048747446,0.95396197
0,2,1.0,3,1,1,0.013594259,0.9530031
0,2,1.0,3,1,0,0.037412617,0.9525707
0,2,1.0,3,2,1,0.0039114393,0.9559509
0,2,1.0,3,2,0,0.024501164,0.9555468
0,2,1.0,0,0,1,0.03897557,0.94469595
0,2,1.0,0,0,0,0.015955593,0.94573915
0,2,1.0,0,1,1,0.06364475,0.9416191
0,2,1.0,0,1,0,0.036060747,0.94326246
0,2,1.0,0,2,1,0.08395067,0.9442092
0,2,1.0,0,2,0,0.054544803,0.9461815
0,2,1.0,2,0,1,-0.53436834,0.9434045
0,2,1.0,2,0,0,-0.5557577,0.94181657
0,2,1.0,2,1,1,-0.5286247,0.9376541
0,2,1.0,2,1,0,-0.553394,0.9361452
0,2,1.0,2,2,1,-0.48761356,0.9380032
0,2,1.0,2,2,0,-0.51264817,0.93705493
0,3,0.0,1,0,1,0.09209047,0.9516714
0,3,0.0,1,0,0,0.09527753,0.9536928
0,3,0.0,1,1,1,0.07265006,0.9467529
0,3,0.0,1,1,0,0.078244016,0.9493545
0,3,0.0,1,2,1,0.056123275,0.9470673
0,3,0.0,1,2,0,0.06339584,0.94976264
0,3,0.0,3,0,1,0.1205824,0.9563951
0,3,0.0,3,0,0,0.13723019,0.95550257
0,3,0.0,3,1,1,0.115668476,0.9538769
0,3,0.0,3,1,0,0.1325151,0.9530195
0,3,0.0,3,2,1,0.10442372,0.9555835
0,3,0.0,3,2,0,0.11992116,0.9548879
0,3,0.0,0,0,1,0.009033762,0.93396574
0,3,0.0,0,0,0,-0.0028070249,0.93762636
0,3,0.0,0,1,1,0.03164762,0.93049115
0,3,0.0,0,1,0,0.017992135,0.9347642
0,3,0.0,0,2,1,0.05507412,0.9356006
0,3,0.0,0,2,0,0.040904474,0.93947494
0,3,0.0,2,0,1,-0.2633555,0.94805676
0,3,0.0,2,0,0,-0.27279484,0.9493265
0,3,0.0,2,1,1,-0.24162914,0.94337845
0,3,0.0,2,1,0,-0.2538063,0.94502693
0,3,0.0,2,2,1,-0.20613514,0.94364136
0,3,0.0,2,2,0,-0.21962596,0.94548815
0,3,0.25,1,0,1,0.09280391,0.9513354
0,3,0.25,1,0,0,0.09586276,0.9533556
0,3,0.25,1,1,1,0.07294215,0.9463735
0,3,0.25,1,1,0,0.078465566,0.9489732
0,3,0.25,1,2,1,0.056026686,0.9466777
0,3,0.25,1,2,0,0.06330262,0.9493764
0,3,0.25,3,0,1,0.116941586,0.9559298
0,3,0.25,3,0,0,0.1339999,0.95504606
0,3,0.25,3,1,1,0.11183606,0.9533349
0,3,0.25,3,1,0,0.12912689,0.9524862
0,3,0.25,3,2,1,0.10074282,0.95502913
0,3,0.25,3,2,0,0.11666913,0.9543396
0,3,0.25,0,0,1,0.008022886,0.9330012
0,3,0.25,0,0,0,-0.003902305,0.93679136
0,3,0.25,0,1,1,0.030641329,0.92946064
0,3,0.25,0,1,0,0.016869772,0.9338812
0,3,0.25,0,2,1,0.054080177,0.9347362
0,3,0.25,0,2,0,0.039799806,0.93871987
0,3,0.25,2,0,1,-0.266742,0.94754994
0,3,0.25,2,0,0,-0.2760932,0.9488211
0,3,0.25,2,1,1,-0.24502854,0.9429022
0,3,0.25,2,1,0,-0.2571741,0.94452965
0,3,0.25,2,2,1,-0.20928456,0.9432528
0,3,0.25,2,2,0,-0.22280668,0.9450612
0,3,0.5,1,0,1,0.09361692,0.95140475
0,3,0.5,1,0,0,0.09649713,0.95338774
0,3,0.5,1,1,1,0.07355328,0.94648415
0,3,0.5,1,1,0,0.07890658,0.94902897
0,3,0.5,1,2,1,0.056387264,0.94678473
0,3,0.5,1,2,0,0.06353162,0.94943005
0,3,0.5,3,0,1,0.11280714,0.9557951
0,3,0.5,3,0,0,0.13014413,0.95493406
0,3,0.5,3,1,1,0.10756083,0.95315325
0,3,0.5,3,1,0,0.12515858,0.9523262
0,3,0.5,3,2,1,0.09672803,0.954814
0,3,0.5,3,2,0,0.112959296,0.95413977
0,3,0.5,0,0,1,0.0073175617,0.9327018
0,3,0.5,0,0,0,-0.004596956,0.9365512
0,3,0.5,0,1,1,0.029722396,0.9291598
0,3,0.5,0,1,0,0.015953898,0.93363947
0,3,0.5,0,2,1,0.05296326,0.93451124
0,3,0.5,0,2,0,0.038691368,0.9385321
0,3,0.5,2,0,1,-0.26890352,0.94746584
0,3,0.5,2,0,0,-0.27805808,0.94872
0,3,0.5,2,1,1,-0.24750222,0.94292414
0,3,0.5,2,1,0,-0.25944757,0.9445001
0,3,0.5,2,2,1,-0.21185525,0.9433773
0,3,0.5,2,2,0,-0.22519301,0.94510704
0,3,0.75,1,0,1,0.09451549,0.9518723
0,3,0.75,1,0,0,0.097172454,0.95378506
0,3,0.75,1,1,1,0.074476555,0.94707215
0,3,0.75,1,1,0,0.07956444,0.9495152
0,3,0.75,1,2,1,0.057211746,0.94737726
0,3,0.75,1,2,0,0.06408708,0.94991726
0,3,0.75,3,0,1,0.108272865,0.95599455
0,3,0.75,3,0,0,0.12574974,0.95516896
0,3,0.75,3,1,1,0.10294244,0.9533378
0,3,0.75,3,1,0,0.12070124,0.9525438
0,3,0.75,3,2,1,0.0924709,0.95494604
0,3,0.75,3,2,0,0.10887374,0.95429534
0,3,0.75,0,0,1,0.006927848,0.93308765
0,3,0.75,0,0,0,-0.0048838593,0.9369197
0,3,0.75,0,1,1,0.028900605,0.92961067
0,3,0.75,0,1,0,0.015256245,0.93405306
0,3,0.75,0,2,1,0.051741283,0.9349396
0,3,0.75,0,2,0,0.03759684,0.93892175
0,3,0.75,2,0,1,-0.26978925,0.94780713
0,3,0.75,2,0,0,-0.27864823,0.94902617
0,3,0.75,2,1,1,-0.24898387,0.943439
0,3,0.75,2,1,0,-0.26057357,0.94493675
0,3,0.75,2,2,1,-0.21376841,0.9440015
0,3,0.75,2,2,0,-0.22672577,0.9456196
0,3,1.0,1,0,1,0.09547211,0.95271486
0,3,1.0,1,0,0,0.0978692,0.95452935
0,3,1.0,1,1,1,0.0756747,0.94810426
0,3,1.0,1,1,0,0.08041577,0.9504071
0,3,1.0,1,2,1,0.058459688,0.94842035
0,3,1.0,1,2,0,0.06494616,0.9508129
0,3,1.0,3,0,1,0.103443086,0.95651966
0,3,1.0,3,0,0,0.1209196,0.95574
0,3,1.0,3,1,1,0.09808789,0.95388067
0,3,1.0,3,1,0,0.115859255,0.9531294
0,3,1.0,3,2,1,0.08806524,0.9554202
0,3,1.0,3,2,0,0.10450213,0.95479995
0,3,1.0,0,0,1,0.0068524703,0.9341426
0,3,1.0,0,0,0,-0.0047705807,0.93788177
0,3,1.0,0,1,1,0.028190266,0.9307901
0,3,1.0,0,1,0,0.014782239,0.935104
0,3,1.0,0,2,1,0.0504396,0.9360017
0,3,1.0,0,2,0,0.03653546,0.9398725
0,3,1.0,2,0,1,-0.2693649,0.9485603
0,3,1.0,2,0,0,-0.2778446,0.949728
0,3,1.0,2,1,1,-0.24940468,0.9444212
0,3,1.0,2,1,0,-0.2605078,0.9458197
0,3,1.0,2,2,1,-0.21492122,0.94509
0,3,1.0,2,2,0,-0.22734092,0.94657326
0,4,0.0,1,0,1,0.51177436,0.9478973
0,4,0.0,1,0,0,0.5302185,0.9479869
0,4,0.0,1,1,1,0.5012946,0.94541156
0,4,0.0,1,1,0,0.5232215,0.945361
0,4,0.0,1,2,1,0.46040347,0.947851
0,4,0.0,1,2,0,0.4837083,0.9476696
0,4,0.0,3,0,1,0.23299791,0.952407
0,4,0.0,3,0,0,0.23067816,0.9515136
0,4,0.0,3,1,1,0.23979521,0.9472698
0,4,0.0,3,1,0,0.23663928,0.945998
0,4,0.0,3,2,1,0.23096354,0.9479051
0,4,0.0,3,2,0,0.22843777,0.946408
0,4,0.0,0,0,1,0.057922546,0.9408167
0,4,0.0,0,0,0,0.06563528,0.94212455
0,4,0.0,0,1,1,0.06526676,0.93884087
0,4,0.0,0,1,0,0.07260393,0.9401636
0,4,0.0,0,2,1,0.07224521,0.9437011
0,4,0.0,0,2,0,0.078021154,0.94474846
0,4,0.0,2,0,1,-0.08776927,0.9434341
0,4,0.0,2,0,0,-0.080975875,0.9461944
0,4,0.0,2,1,1,-0.07797693,0.94227797
0,4,0.0,2,1,0,-0.07177365,0.94462246
0,4,0.0,2,2,1,-0.060151313,0.9458619
0,4,0.0,2,2,0,-0.05490512,0.94753784
0,4,0.25,1,0,1,0.5166108,0.94707096
0,4,0.25,1,0,0,0.5349959,0.94718796
0,4,0.25,1,1,1,0.50579107,0.94458556
0,4,0.25,1,1,0,0.52778935,0.94454354
0,4,0.25,1,2,1,0.46410275,0.9471311
0,4,0.25,1,2,0,0.48759437,0.94693977
0,4,0.25,3,0,1,0.23072082,0.95202416
0,4,0.25,3,0,0,0.22864576,0.9510424
0,4,0.25,3,1,1,0.23747678,0.9467277
0,4,0.25,3,1,0,0.2346296,0.9453195
0,4,0.25,3,2,1,0.22880481,0.9472639
0,4,0.25,3,2,0,0.22661464,0.94560987
0,4,0.25,0,0,1,0.058111414,0.94034857
0,4,0.25,0,0,0,0.065831795,0.94165456
0,4,0.25,0,1,1,0.0654621,0.93836665
0,4,0.25,0,1,0,0.07279378,0.9396817
0,4,0.25,0,2,1,0.07237674,0.9432837
0,4,0.25,0,2,0,0.07813406,0.9443233
0,4,0.25,2,0,1,-0.09100442,0.94273454
0,4,0.25,2,0,0,-0.08403021,0.9455381
0,4,0.25,2,1,1,-0.08134544,0.9415579
0,4,0.25,2,1,0,-0.07499291,0.9439249
0,4,0.25,2,2,1,-0.06333305,0.9452018
0,4,0.25,2,2,0,-0.05797622,0.94687957
0,4,0.5,1,0,1,0.5188248,0.9466805
0,4,0.5,1,0,0,0.53701425,0.946819
0,4,0.5,1,1,1,0.5077259,0.9442304
0,4,0.5,1,1,0,0.5295954,0.9441973
0,4,0.5,1,2,1,0.46554527,0.9468552
0,4,0.5,1,2,0,0.4889825,0.9466615
0,4,0.5,3,0,1,0.22732797,0.95204884
0,4,0.5,3,0,0,0.22558142,0.9509919
0,4,0.5,3,1,1,0.23397006,0.946668
0,4,0.5,3,1,0,0.23155205,0.9451452
0,4,0.5,3,2,1,0.22554083,0.94708997
0,4,0.5,3,2,0,0.22377305,0.9453046
0,4,0.5,0,0,1,0.05849704,0.94043213
0,4,0.5,0,0,0,0.06612304,0.94170755
0,4,0.5,0,1,1,0.06578654,0.93846625
0,4,0.5,0,1,0,0.07301734,0.93974566
0,4,0.5,0,2,1,0.07254894,0.9433632
0,4,0.5,0,2,0,0.078219205,0.9443762
0,4,0.5,2,0,1,-0.09361507,0.9425157
0,4,0.5,2,0,0,-0.0865141,0.94532263
0,4,0.5,2,1,1,-0.08418889,0.94132435
0,4,0.5,2,1,0,-0.07773277,0.9436832
0,4,0.5,2,2,1,-0.06614213,0.944979
0,4,0.5,2,2,0,-0.06070942,0.9466405
0,4,0.75,1,0,1,0.5183356,0.94674635
0,4,0.75,1,0,0,0.53620887,0.946897
0,4,0.75,1,1,1,0.5070335,0.94436294
0,4,0.75,1,1,0,0.52857864,0.94433844
0,4,0.75,1,2,1,0.46468818,0.94703573
0,4,0.75,1,2,0,0.48782247,0.9468481
0,4,0.75,3,0,1,0.22289158,0.9524765
0,4,0.75,3,0,0,0.22153912,0.9513625
0,4,0.75,3,1,1,0.22935499,0.9470898
0,4,0.75,3,1,0,0.2274511,0.9454831
0,4,0.75,3,2,1,0.2212318,0.9473916
0,4,0.75,3,2,0,0.21994543,0.9455121
0,4,0.75,0,0,1,0.059056237,0.9410593
0,4,0.75,0,0,0,0.06649251,0.942279
0,4,0.75,0,1,1,0.06621759,0.93912995
0,4,0.75,0,1,0,0.07325867,0.94035023
0,4,0.75,0,2,1,0.072747454,0.9439332
0,4,0.75,0,2,0,0.078266114,0.9449031
0,4,0.75,2,0,1,-0.09553625,0.9427906
0,4,0.75,2,0,0,-0.08836909,0.94555855
0,4,0.75,2,1,1,-0.08643831,0.941589
0,4,0.75,2,1,0,-0.079927966,0.94390833
0,4,0.75,2,2,1,-0.0685143,0.9452026
0,4,0.75,2,2,0,-0.06304155,0.9468305
0,4,1.0,1,0,1,0.5151409,0.9472689
0,4,1.0,1,0,0,0.5325937,0.9474203
0,4,1.0,1,1,1,0.50372463,0.9449796
0,4,1.0,1,1,0,0.5247644,0.9449617
0,4,1.0,1,2,1,0.4615513,0.9476658
0,4,1.0,1,2,0,0.4841516,0.94749117
0,4,1.0,3,0,1,0.21750833,0.9532862
0,4,1.0,3,0,0,0.21659115,0.95213646
0,4,1.0,3,1,1,0.22373544,0.9479711
0,4,1.0,3,1,0,0.2223873,0.94631696
0,4,1.0,3,2,1,0.21596266,0.94815636
0,4,1.0,3,2,0,0.21517919,0.9462284
0,4,1.0,0,0,1,0.059749857,0.9421983
0,4,1.0,0,0,0,0.06691556,0.94334304
0,4,1.0,0,1,1,0.06672232,0.9403243
0,4,1.0,0,1,0,0.07349687,0.9414676
0,4,1.0,0,2,1,0.07295239,0.94496775
0,4,1.0,0,2,0,0.07826239,0.9458815
0,4,1.0,2,0,1,-0.09672098,0.9435516
0,4,1.0,2,0,0,-0.08955163,0.94623876
0,4,1.0,2,1,1,-0.08803761,0.94234324
0,4,1.0,2,1,0,-0.08152391,0.94459313
0,4,1.0,2,2,1,-0.07039085,0.945865
0,4,1.0,2,2,0,-0.06491433,0.9474435
0,5,0.0,1,0,1,0.73514074,0.9461522
0,5,0.0,1,0,0,0.7579883,0.94365
0,5,0.0,1,1,1,0.72582394,0.94678676
0,5,0.0,1,1,0,0.7501714,0.9442638
0,5,0.0,1,2,1,0.67037845,0.9522339
0,5,0.0,1,2,0,0.6941562,0.9500491
0,5,0.0,3,0,1,0.26088926,0.95929694
0,5,0.0,3,0,0,0.248778,0.9597484
0,5,0.0,3,1,1,0.27301717,0.9544437
0,5,0.0,3,1,0,0.25906608,0.95479417
0,5,0.0,3,2,1,0.26704708,0.9544099
0,5,0.0,3,2,0,0.25347778,0.9544536
0,5,0.0,0,0,1,0.19088331,0.9506617
0,5,0.0,0,0,0,0.21199268,0.94941765
0,5,0.0,0,1,1,0.19030455,0.9476174
0,5,0.0,0,1,0,0.21229848,0.9460834
0,5,0.0,0,2,1,0.17543523,0.95078164
0,5,0.0,0,2,0,0.19406411,0.94928694
0,5,0.0,2,0,1,0.0026119985,0.9346375
0,5,0.0,2,0,0,0.012838591,0.938536
0,5,0.0,2,1,1,-0.0017765276,0.9349605
0,5,0.0,2,1,0,0.008285079,0.9382426
0,5,0.0,2,2,1,0.001896631,0.94125557
0,5,0.0,2,2,0,0.011860754,0.94362575
0,5,0.25,1,0,1,0.74173456,0.94512635
0,5,0.25,1,0,0,0.76433414,0.942627
0,5,0.25,1,1,1,0.7319263,0.9458502
0,5,0.25,1,1,0,0.7561136,0.943322
0,5,0.25,1,2,1,0.67538637,0.9515111
0,5,0.25,1,2,0,0.699108,0.9493161
0,5,0.25,3,0,1,0.25908214,0.9590523
0,5,0.25,3,0,0,0.24705099,0.95941997
0,5,0.25,3,1,1,0.27100694,0.95408744
0,5,0.25,3,1,0,0.2571327,0.95431477
0,5,0.25,3,2,1,0.26504996,0.95397544
0,5,0.25,3,2,0,0.25152892,0.9538803
0,5,0.25,0,0,1,0.19216779,0.9504163
0,5,0.25,0,0,0,0.21342319,0.949106
0,5,0.25,0,1,1,0.19157554,0.94734424
0,5,0.25,0,1,0,0.21375085,0.9457251
0,5,0.25,0,2,1,0.17639847,0.95052314
0,5,0.25,0,2,0,0.1951233,0.94895655
0,5,0.25,2,0,1,-0.00016596541,0.9342138
0,5,0.25,2,0,0,0.010118563,0.9380399
0,5,0.25,2,1,1,-0.005077835,0.93430585
0,5,0.25,2,1,0,0.004972104,0.93754333
0,5,0.25,2,2,1,-0.0014226474,0.9404507
0,5,0.25,2,2,0,0.008589704,0.94282407
0,5,0.5,1,0,1,0.7443455,0.94455945
0,5,0.5,1,0,0,0.766486,0.9421016
0,5,0.5,1,1,1,0.7341408,0.9453609
0,5,0.5,1,1,0,0.75795996,0.9428647
0,5,0.5,1,2,1,0.6769743,0.95116526
0,5,0.5,1,2,0,0.7004508,0.94899046
0,5,0.5,3,0,1,0.25600052,0.9591372
0,5,0.5,3,0,0,0.24419273,0.95940846
0,5,0.5,3,1,1,0.26758876,0.9541287
0,5,0.5,3,1,0,0.2539734,0.9542186
0,5,0.5,3,2,1,0.26171637,0.9539327
0,5,0.5,3,2,0,0.24840744,0.953692
0,5,0.5,0,0,1,0.1925034,0.9506224
0,5,0.5,0,0,0,0.21362565,0.9492686
0,5,0.5,0,1,1,0.19187176,0.94757503
0,5,0.5,0,1,0,0.21388572,0.94590217
0,5,0.5,0,2,1,0.17656155,0.9507162
0,5,0.5,0,2,0,0.19513905,0.9491052
0,5,0.5,2,0,1,-0.0025314204,0.9344511
0,5,0.5,2,0,0,0.0077656247,0.9381314
0,5,0.5,2,1,1,-0.007896956,0.9342791
0,5,0.5,2,1,0,0.00210974,0.93742025
0,5,0.5,2,2,1,-0.0043123327,0.9401637
0,5,0.5,2,2,0,0.005704183,0.9425113
0,5,0.75,1,0,1,0.7428796,0.9444777
0,5,0.75,1,0,0,0.76439923,0.94209385
0,5,0.75,1,1,1,0.73239696,0.94534004
0,5,0.75,1,1,0,0.75566906,0.94290936
0,5,0.75,1,2,1,0.6751024,0.95120937
0,5,0.75,1,2,0,0.69815814,0.9490838
0,5,0.75,3,0,1,0.25172707,0.9595447
0,5,0.75,3,0,0,0.24027385,0.95971334
0,5,0.75,3,1,1,0.2628709,0.954561
0,5,0.75,3,1,0,0.24967754,0.95451057
0,5,0.75,3,2,1,0.25714412,0.9542825
0,5,0.75,3,2,0,0.24420337,0.9539006
0,5,0.75,0,0,1,0.19187346,0.95126826
0,5,0.75,0,0,0,0.21259041,0.9498971
0,5,0.75,0,1,1,0.19117178,0.94829506
0,5,0.75,0,1,0,0.21269281,0.94660515
0,5,0.75,0,2,1,0.17591396,0.95135003
0,5,0.75,0,2,0,0.19410846,0.94972557
0,5,0.75,2,0,1,-0.004418727,0.9353198
0,5,0.75,2,0,0,0.005854819,0.93879837
0,5,0.75,2,1,1,-0.010143112,0.9348722
0,5,0.75,2,1,0,-0.00018600747,0.9378761
0,5,0.75,2,2,1,-0.00668576,0.9404058
0,5,0.75,2,2,0,0.0033007078,0.9427014
0,5,1.0,1,0,1,0.7373523,0.9448881
0,5,1.0,1,0,0,0.7581439,0.94260305
0,5,1.0,1,1,1,0.72672915,0.9457904
0,5,1.0,1,1,0,0.749311,0.9434536
0,5,1.0,1,2,1,0.66981536,0.9516422
0,5,1.0,1,2,0,0.6922942,0.9495915
0,5,1.0,3,0,1,0.24637616,0.9602553
0,5,1.0,3,0,0,0.2353902,0.9603216
0,5,1.0,3,1,1,0.2569961,0.9553624
0,5,1.0,3,1,0,0.24436238,0.9551793
0,5,1.0,3,2,1,0.2514639,0.9550094
0,5,1.0,3,2,0,0.23903261,0.9545018
0,5,1.0,0,0,1,0.19030245,0.9523228
0,5,1.0,0,0,0,0.21037184,0.950961
0,5,1.0,0,1,1,0.18950386,0.94946676
0,5,1.0,0,1,0,0.21025303,0.94779605
0,5,1.0,0,2,1,0.1744784,0.95239395
0,5,1.0,0,2,0,0.19208318,0.95078725
0,5,1.0,2,0,1,-0.0057845376,0.9367638
0,5,1.0,2,0,0,0.0044345893,0.94000393
0,5,1.0,2,1,1,-0.011757802,0.9360509
0,5,1.0,2,1,0,-0.0018412434,0.9388886
0,5,1.0,2,2,1,-0.0084807165,0.941167
0,5,1.0,2,2,0,0.00144637,0.94338757
1,1,0.0,1,0,1,-0.09860994,0.9451749
1,1,0.0,1,0,0,-0.12384601,0.9422753
1,1,0.0,1,1,1,-0.10718621,0.94103485
1,1,0.0,1,1,0,-0.13418536,0.9376271
1,1,0.0,1,2,1,-0.10991149,0.9424086
1,1,0.0,1,2,0,-0.13596214,0.9389045
1,1,0.0,3,0,1,0.0084611885,0.9583135
1,1,0.0,3,0,0,0.027545322,0.95680326
1,1,0.0,3,1,1,-0.004455831,0.95579296
1,1,0.0,3,1,0,0.013096686,0.95392126
1,1,0.0,3,2,1,-0.016986173,0.95732844
1,1,0.0,3,2,0,-0.0025435947,0.9553433
1,1,0.0,0,0,1,-0.069254085,0.9574422
1,1,0.0,0,0,0,-0.08830762,0.9559015
1,1,0.0,0,1,1,-0.07731852,0.95618695
1,1,0.0,0,1,0,-0.100389704,0.9545443
1,1,0.0,0,2,1,-0.07624425,0.95869774
1,1,0.0,0,2,0,-0.10119811,0.95721096
1,1,0.0,2,0,1,-0.5527966,0.95170224
1,1,0.0,2,0,0,-0.5563537,0.95139587
1,1,0.0,2,1,1,-0.57144684,0.9463723
1,1,0.0,2,1,0,-0.5758796,0.9462784
1,1,0.0,2,2,1,-0.5524661,0.94614255
1,1,0.0,2,2,0,-0.55778927,0.9464354
1,1,0.25,1,0,1,-0.096985,0.9443716
1,1,0.25,1,0,0,-0.122972414,0.94140893
1,1,0.25,1,1,1,-0.105847135,0.9398625
1,1,0.25,1,1,0,-0.1337554,0.93630815
1,1,0.25,1,2,1,-0.10913508,0.94103736
1,1,0.25,1,2,0,-0.1361077,0.9373186
1,1,0.25,3,0,1,0.007514622,0.95754105
1,1,0.25,3,0,0,0.02720495,0.9560141
1,1,0.25,3,1,1,-0.0055430047,0.9550033
1,1,0.25,3,1,0,0.012576323,0.95311254
1,1,0.25,3,2,1,-0.01819202,0.9566375
1,1,0.25,3,2,0,-0.0033049695,0.95463306
1,1,0.25,0,0,1,-0.07335283,0.9567768
1,1,0.25,0,0,0,-0.09274085,0.95516074
1,1,0.25,0,1,1,-0.08232969,0.9554522
1,1,0.25,0,1,0,-0.10591784,0.9537093
1,1,0.25,0,2,1,-0.08163929,0.9579962
1,1,0.25,0,2,0,-0.10722141,0.9564009
1,1,0.25,2,0,1,-0.5555187,0.951328
1,1,0.25,2,0,0,-0.5592248,0.95089656
1,1,0.25,2,1,1,-0.57453096,0.9459618
1,1,0.25,2,1,0,-0.5791268,0.94571316
1,1,0.25,2,2,1,-0.5556919,0.94578147
1,1,0.25,2,2,0,-0.561208,0.94593084
1,1,0.5,1,0,1,-0.09476434,0.9440309
1,1,0.5,1,0,0,-0.12131597,0.9410453
1,1,0.5,1,1,1,-0.10385762,0.9392044
1,1,0.5,1,1,0,-0.13246824,0.9355511
1,1,0.5,1,2,1,-0.1076778,0.9401645
1,1,0.5,1,2,0,-0.13537632,0.9362791
1,1,0.5,3,0,1,0.0065946616,0.95709443
1,1,0.5,3,0,0,0.026758935,0.95557404
1,1,0.5,3,1,1,-0.0065073483,0.9545794
1,1,0.5,3,1,0,0.012069408,0.95270264
1,1,0.5,3,2,1,-0.019164335,0.95630074
1,1,0.5,3,2,0,-0.0039023124,0.95431596
1,1,0.5,0,0,1,-0.07688722,0.9564512
1,1,0.5,0,0,0,-0.09648538,0.95478195
1,1,0.5,0,1,1,-0.08667204,0.95506984
1,1,0.5,0,1,0,-0.11060111,0.9532512
1,1,0.5,0,2,1,-0.08634265,0.95761365
1,1,0.5,0,2,0,-0.11235395,0.9559314
1,1,0.5,2,0,1,-0.5552539,0.9513498
1,1,0.5,2,0,0,-0.55912095,0.9507992
1,1,0.5,2,1,1,-0.5744707,0.9460196
1,1,0.5,2,1,0,-0.5792386,0.9456192
1,1,0.5,2,2,1,-0.55587524,0.9458939
1,1,0.5,2,2,0,-0.56157666,0.94589525
1,1,0.75,1,0,1,-0.09201272,0.94416696
1,1,0.75,1,0,0,-0.118918344,0.94119996
1,1,0.75,1,1,1,-0.10127233,0.939094
1,1,0.75,1,1,0,-0.13034256,0.93539876
1,1,0.75,1,2,1,-0.10556771,0.93983734
1,1,0.75,1,2,0,-0.13375269,0.9358504
1,1,0.75,3,0,1,0.0057083257,0.9569915
1,1,0.75,3,0,0,0.026194941,0.95550084
1,1,0.75,3,1,1,-0.007341411,0.9545377
1,1,0.75,3,1,0,0.011565048,0.95270705
1,1,0.75,3,2,1,-0.019893508,0.95632994
1,1,0.75,3,2,0,-0.0043404214,0.9544018
1,1,0.75,0,0,1,-0.07976678,0.95647943
1,1,0.75,0,0,0,-0.09944004,0.95478266
1,1,0.75,0,1,1,-0.09021713,0.9550581
1,1,0.75,0,1,0,-0.11428557,0.9531934
1,1,0.75,0,2,1,-0.090205684,0.9575691
1,1,0.75,0,2,0,-0.11640848,0.9558286
1,1,0.75,2,0,1,-0.5520256,0.9517678
1,1,0.75,2,0,0,-0.5560621,0.95111114
1,1,0.75,2,1,1,-0.57128555,0.94654405
1,1,0.75,2,1,0,-0.5762352,0.9460056
1,1,0.75,2,2,1,-0.55302536,0.94647473
1,1,0.75,2,2,0,-0.55889964,0.94633245
1,1,1.0,1,0,1,-0.0888031,0.94477576
1,1,1.0,1,0,0,-0.11583699,0.94186825
1,1,1.0,1,1,1,-0.09815489,0.93954283
1,1,1.0,1,1,0,-0.12741585,0.93586814
1,1,1.0,1,2,1,-0.10284479,0.9400806
1,1,1.0,1,2,0,-0.1312416,0.93607116
1,1,1.0,3,0,1,0.0048662014,0.95723647
1,1,1.0,3,0,0,0.025509719,0.9557973
1,1,1.0,3,1,1,-0.008037832,0.95487833
1,1,1.0,3,1,0,0.011055965,0.9531228
1,1,1.0,3,2,1,-0.020375576,0.9567209
1,1,1.0,3,2,0,-0.004629161,0.95488095
1,1,1.0,0,0,1,-0.081918895,0.9568615
1,1,1.0,0,0,0,-0.10152607,0.9551642
1,1,1.0,0,1,1,-0.0928625,0.9554198
1,1,1.0,0,1,0,-0.11685248,0.9535425
1,1,1.0,0,2,1,-0.09310995,0.95786804
1,1,1.0,0,2,0,-0.11923428,0.9561034
1,1,1.0,2,0,1,-0.5459204,0.9525665
1,1,1.0,2,0,0,-0.550126,0.95182264
1,1,1.0,2,1,1,-0.56506383,0.9475147
1,1,1.0,2,1,0,-0.5701992,0.94686013
1,1,1.0,2,2,1,-0.5472204,0.9474997
1,1,1.0,2,2,0,-0.55324584,0.94722635
1,2,0.0,1,0,1,-0.18974222,0.9481007
1,2,0.0,1,0,0,-0.2130111,0.94813067
1,2,0.0,1,1,1,-0.20974304,0.94466406
1,2,0.0,1,1,0,-0.23463051,0.94464576
1,2,0.0,1,2,1,-0.20688276,0.9463519
1,2,0.0,1,2,0,-0.22959064,0.9463446
1,2,0.0,3,0,1,-0.016145658,0.9470886
1,2,0.0,3,0,0,0.011901755,0.9471701
1,2,0.0,3,1,1,-0.02405889,0.9455555
1,2,0.0,3,1,0,0.0029114522,0.94585353
1,2,0.0,3,2,1,-0.02804872,0.9497615
1,2,0.0,3,2,0,-0.00462253,0.9500471
1,2,0.0,0,0,1,-0.07920143,0.94639754
1,2,0.0,0,0,0,-0.103446424,0.94624376
1,2,0.0,0,1,1,-0.06324442,0.94411117
1,2,0.0,0,1,0,-0.090354815,0.94444877
1,2,0.0,0,2,1,-0.0406094,0.94722664
1,2,0.0,0,2,0,-0.06807114,0.94796705
1,2,0.0,2,0,1,-0.47920293,0.94823354
1,2,0.0,2,0,0,-0.48856276,0.94691
1,2,0.0,2,1,1,-0.4790061,0.9433386
1,2,0.0,2,1,0,-0.49011403,0.9419157
1,2,0.0,2,2,1,-0.44917,0.9437642
1,2,0.0,2,2,0,-0.46110135,0.94264317
1,2,0.25,1,0,1,-0.19180103,0.9474916
1,2,0.25,1,0,0,-0.21591003,0.94748485
1,2,0.25,1,1,1,-0.21237473,0.9438784
1,2,0.25,1,1,0,-0.23828073,0.94380313
1,2,0.25,1,2,1,-0.20950963,0.94550705
1,2,0.25,1,2,0,-0.23308058,0.9454457
1,2,0.25,3,0,1,-0.021996763,0.9458953
1,2,0.25,3,0,0,0.0069965906,0.94609886
1,2,0.25,3,1,1,-0.029868629,0.94432807
1,2,0.25,3,1,0,-0.0020346306,0.94476956
1,2,0.25,3,2,1,-0.03317776,0.94873434
1,2,0.25,3,2,0,-0.009076726,0.94913447
1,2,0.25,0,0,1,-0.08224052,0.94578046
1,2,0.25,0,0,0,-0.10672423,0.94562185
1,2,0.25,0,1,1,-0.06668204,0.9434579
1,2,0.25,0,1,0,-0.09406625,0.9437905
1,2,0.25,0,2,1,-0.044148196,0.9466326
1,2,0.25,0,2,0,-0.07188809,0.9473661
1,2,0.25,2,0,1,-0.4825632,0.9476895
1,2,0.25,2,0,0,-0.49191982,0.9462713
1,2,0.25,2,1,1,-0.4826814,0.94273996
1,2,0.25,2,1,0,-0.49382836,0.94117993
1,2,0.25,2,2,1,-0.45289564,0.9432126
1,2,0.25,2,2,0,-0.46493828,0.9419452
1,2,0.5,1,0,1,-0.19219305,0.9473331
1,2,0.5,1,0,0,-0.21690424,0.9472787
1,2,0.5,1,1,1,-0.21314092,0.943584
1,2,0.5,1,1,0,-0.23978902,0.94344324
1,2,0.5,1,2,1,-0.21036045,0.9451286
1,2,0.5,1,2,0,-0.23456065,0.94500375
1,2,0.5,3,0,1,-0.027484175,0.9451758
1,2,0.5,3,0,0,0.002247084,0.945503
1,2,0.5,3,1,1,-0.035309102,0.9435919
1,2,0.5,3,1,0,-0.006796863,0.94417083
1,2,0.5,3,2,1,-0.037925463,0.9481356
1,2,0.5,3,2,0,-0.013306227,0.94864285
1,2,0.5,0,0,1,-0.0846017,0.9456248
1,2,0.5,0,0,0,-0.10909395,0.9454725
1,2,0.5,0,1,1,-0.069631875,0.94329315
1,2,0.5,0,1,0,-0.09704305,0.9436196
1,2,0.5,0,2,1,-0.047433946,0.94648534
1,2,0.5,0,2,0,-0.07521333,0.9472006
1,2,0.5,2,0,1,-0.48345727,0.9475713
1,2,0.5,2,0,0,-0.4927287,0.94608635
1,2,0.5,2,1,1,-0.483934,0.9426333
1,2,0.5,2,1,0,-0.4950226,0.94097
1,2,0.5,2,2,1,-0.4544083,0.9431486
1,2,0.5,2,2,0,-0.46644408,0.94176173
1,2,0.75,1,0,1,-0.19086759,0.9476302
1,2,0.75,1,0,0,-0.21590562,0.9475213
1,2,0.75,1,1,1,-0.21196793,0.94379425
1,2,0.75,1,1,0,-0.23901351,0.943585
1,2,0.75,1,2,1,-0.20937131,0.94523454
1,2,0.75,1,2,0,-0.23392777,0.9450399
1,2,0.75,3,0,1,-0.03240196,0.9449704
1,2,0.75,3,0,0,-0.0021908097,0.9454134
1,2,0.75,3,1,1,-0.040199053,0.94338953
1,2,0.75,3,1,0,-0.011226963,0.9440879
1,2,0.75,3,2,1,-0.04215358,0.94799584
1,2,0.75,3,2,0,-0.017194506,0.94859505
1,2,0.75,0,0,1,-0.08623864,0.9459348
1,2,0.75,0,0,0,-0.11051731,0.94579816
1,2,0.75,0,1,1,-0.07202564,0.94362164
1,2,0.75,0,1,0,-0.09921953,0.9439405
1,2,0.75,0,2,1,-0.05038369,0.94678867
1,2,0.75,0,2,0,-0.077965304,0.94747543
1,2,0.75,2,0,1,-0.48187417,0.94788486
1,2,0.75,2,0,0,-0.49098504,0.9463645
1,2,0.75,2,1,1,-0.4827373,0.94302523
1,2,0.75,2,1,0,-0.49367577,0.9412995
1,2,0.75,2,2,1,-0.45366663,0.94357723
1,2,0.75,2,2,0,-0.46557528,0.9421064
1,2,1.0,1,0,1,-0.18784077,0.94836706
1,2,1.0,1,0,0,-0.21291067,0.9482029
1,2,1.0,1,1,1,-0.20886083,0.94449896
1,2,1.0,1,1,0,-0.23592527,0.94422436
1,2,1.0,1,2,1,-0.20654799,0.94581944
1,2,1.0,1,2,0,-0.23116823,0.94555455
1,2,1.0,3,0,1,-0.036557775,0.9452958
1,2,1.0,3,0,0,-0.0061731897,0.94583607
1,2,1.0,3,1,1,-0.04435883,0.9437388
1,2,1.0,3,1,0,-0.015184205,0.9445278
1,2,1.0,3,2,1,-0.04573336,0.9483258
1,2,1.0,3,2,0,-0.020633396,0.94899535
1,2,1.0,0,0,1,-0.08712906,0.9466956
1,2,1.0,0,0,0,-0.11099185,0.946581
1,2,1.0,0,1,1,-0.07380818,0.9444281
1,2,1.0,0,1,0,-0.10055606,0.94473743
1,2,1.0,0,2,1,-0.052916583,0.94752914
1,2,1.0,0,2,0,-0.08007452,0.9481785
1,2,1.0,2,0,1,-0.47784978,0.948619
1,2,1.0,2,0,0,-0.48673195,0.9470956
1,2,1.0,2,1,1,-0.4791085,0.9439014
1,2,1.0,2,1,0,-0.4898097,0.9421562
1,2,1.0,2,2,1,-0.45067132,0.944483
1,2,1.0,2,2,0,-0.46233523,0.9429684
1,3,0.0,1,0,1,0.033412803,0.9550805
1,3,0.0,1,0,0,0.034066427,0.9561481
1,3,0.0,1,1,1,0.01399355,0.9514098
1,3,0.0,1,1,0,0.015990425,0.9527549
1,3,0.0,1,2,1,0.00128581,0.9520556
1,3,0.0,1,2,0,0.0045435317,0.95348763
1,3,0.0,3,0,1,0.101065814,0.95037305
1,3,0.0,3,0,0,0.12645283,0.94920564
1,3,0.0,3,1,1,0.09240073,0.9478028
1,3,0.0,3,1,0,0.11862412,0.94692504
1,3,0.0,3,2,1,0.0782906,0.95044875
1,3,0.0,3,2,0,0.102181226,0.95007825
1,3,0.0,0,0,1,-0.10414983,0.93208593
1,3,0.0,0,0,0,-0.11742896,0.9336956
1,3,0.0,0,1,1,-0.08917305,0.9285185
1,3,0.0,0,1,0,-0.10298507,0.930762
1,3,0.0,0,2,1,-0.06213894,0.9341098
1,3,0.0,0,2,0,-0.07573292,0.9363576
1,3,0.0,2,0,1,-0.28439546,0.94764155
1,3,0.0,2,0,0,-0.28106397,0.9490596
1,3,0.0,2,1,1,-0.27714694,0.94378966
1,3,0.0,2,1,0,-0.2741709,0.94523644
1,3,0.0,2,2,1,-0.25095668,0.9447913
1,3,0.0,2,2,0,-0.24872993,0.9461092
1,3,0.25,1,0,1,0.03298186,0.9546495
1,3,0.25,1,0,0,0.03346171,0.9557036
1,3,0.25,1,1,1,0.013149131,0.9509192
1,3,0.25,1,1,0,0.014988292,0.9522513
1,3,0.25,1,2,1,0.00019629672,0.9515659
1,3,0.25,1,2,0,0.0033351667,0.9529901
1,3,0.25,3,0,1,0.09588048,0.9497768
1,3,0.25,3,0,0,0.12180868,0.9486605
1,3,0.25,3,1,1,0.08678582,0.947114
1,3,0.25,3,1,0,0.11360879,0.9463105
1,3,0.25,3,2,1,0.07281031,0.9497528
1,3,0.25,3,2,0,0.09731603,0.9494618
1,3,0.25,0,0,1,-0.10558036,0.9310766
1,3,0.25,0,0,0,-0.11900653,0.93277436
1,3,0.25,0,1,1,-0.09066516,0.9273926
1,3,0.25,0,1,0,-0.10461855,0.92974937
1,3,0.25,0,2,1,-0.06358205,0.9331388
1,3,0.25,0,2,0,-0.07731038,0.9354763
1,3,0.25,2,0,1,-0.2880901,0.9468828
1,3,0.25,2,0,0,-0.28451532,0.94834405
1,3,0.25,2,1,1,-0.28071612,0.943092
1,3,0.25,2,1,0,-0.27758503,0.9445439
1,3,0.25,2,2,1,-0.25410938,0.9442398
1,3,0.25,2,2,0,-0.25183833,0.9455258
1,3,0.5,1,0,1,0.032934655,0.95456123
1,3,0.5,1,0,0,0.03323357,0.955585
1,3,0.5,1,1,1,0.012856979,0.95082074
1,3,0.5,1,1,0,0.014513511,0.9521175
1,3,0.5,1,2,1,-0.00026951358,0.9514642
1,3,0.5,1,2,0,0.0027092583,0.9528566
1,3,0.5,3,0,1,0.09021407,0.94960886
1,3,0.5,3,0,0,0.116395965,0.9485734
1,3,0.5,3,1,1,0.08081101,0.94688773
1,3,0.5,3,1,0,0.107927635,0.94618005
1,3,0.5,3,2,1,0.067170486,0.949482
1,3,0.5,3,2,0,0.09203179,0.9492768
1,3,0.5,0,0,1,-0.1058217,0.9307645
1,3,0.5,0,0,0,-0.11928211,0.9325231
1,3,0.5,0,1,1,-0.09107207,0.92703253
1,3,0.5,0,1,0,-0.10509427,0.92945564
1,3,0.5,0,2,1,-0.06424719,0.9328338
1,3,0.5,0,2,0,-0.07803348,0.935218
1,3,0.5,2,0,1,-0.29018876,0.9465514
1,3,0.5,2,0,0,-0.28641558,0.94803506
1,3,0.5,2,1,1,-0.28271708,0.9428773
1,3,0.5,2,1,0,-0.27949244,0.9443101
1,3,0.5,2,2,1,-0.25585252,0.94416827
1,3,0.5,2,2,0,-0.2536092,0.9453972
1,3,0.75,1,0,1,0.03328233,0.9548176
1,3,0.75,1,0,0,0.033397723,0.95579565
1,3,0.75,1,1,1,0.013135511,0.9511163
1,3,0.75,1,1,0,0.014589418,0.9523577
1,3,0.75,1,2,1,-8.950755e-05,0.9517526
1,3,0.75,1,2,0,0.0026915856,0.9530911
1,3,0.75,3,0,1,0.08422312,0.94987327
1,3,0.75,3,0,0,0.11037491,0.94894195
1,3,0.75,3,1,1,0.074656904,0.947132
1,3,0.75,3,1,0,0.10176128,0.9465332
1,3,0.75,3,2,1,0.061549176,0.94965
1,3,0.75,3,2,0,0.08648494,0.94952846
1,3,0.75,0,0,1,-0.10489355,0.9311681
1,3,0.75,0,0,0,-0.11827767,0.93295413
1,3,0.75,0,1,1,-0.09041256,0.9274636
1,3,0.75,0,1,0,-0.104425505,0.9298981
1,3,0.75,0,2,1,-0.06414044,0.9332135
1,3,0.75,0,2,0,-0.07790381,0.935597
1,3,0.75,2,0,1,-0.29063135,0.94666517
1,3,0.75,2,0,0,-0.28671938,0.9481471
1,3,0.75,2,1,1,-0.28311718,0.943154
1,3,0.75,2,1,0,-0.27985987,0.9445442
1,3,0.75,2,2,1,-0.25619078,0.94457376
1,3,0.75,2,2,0,-0.2540258,0.94572556
1,3,1.0,1,0,1,0.034016687,0.95540804
1,3,1.0,1,0,0,0.033951778,0.95632744
1,3,1.0,1,1,1,0.013976861,0.95179313
1,3,1.0,1,1,0,0.015214492,0.95296186
1,3,1.0,1,2,1,0.0007300563,0.9524185
1,3,1.0,1,2,0,0.0032823868,0.9536838
1,3,1.0,3,0,1,0.078078166,0.9505558
1,3,1.0,3,0,0,0.10393888,0.9497427
1,3,1.0,3,1,1,0.06850448,0.94783443
1,3,1.0,3,1,0,0.09530859,0.947348
1,3,1.0,3,2,1,0.056106646,0.9502506
1,3,1.0,3,2,0,0.08083427,0.9502038
1,3,1.0,0,0,1,-0.10286771,0.9322679
1,3,1.0,0,0,0,-0.116070494,0.9340454
1,3,1.0,0,1,1,-0.088770315,0.9286633
1,3,1.0,0,1,0,-0.10267447,0.93105465
1,3,1.0,0,2,1,-0.0633011,0.93426055
1,3,1.0,0,2,0,-0.07695356,0.9365966
1,3,1.0,2,0,1,-0.28939635,0.9472251
1,3,1.0,2,0,0,-0.28541726,0.948679
1,3,1.0,2,1,1,-0.2819231,0.9439107
1,3,1.0,2,1,0,-0.27868938,0.9452371
1,3,1.0,2,2,1,-0.2551576,0.94543463
1,3,1.0,2,2,0,-0.25310022,0.9464953
1,4,0.0,1,0,1,0.4728117,0.947829
1,4,0.0,1,0,0,0.49467665,0.9465556
1,4,0.0,1,1,1,0.46190128,0.9450591
1,4,0.0,1,1,0,0.48677075,0.9438929
1,4,0.0,1,2,1,0.42326397,0.94735163
1,4,0.0,1,2,0,0.44845682,0.94654
1,4,0.0,3,0,1,0.22368078,0.95724875
1,4,0.0,3,0,0,0.22765581,0.9566367
1,4,0.0,3,1,1,0.22800405,0.9533788
1,4,0.0,3,1,0,0.2316104,0.95272994
1,4,0.0,3,2,1,0.21819934,0.9539248
1,4,0.0,3,2,0,0.2214494,0.9533285
1,4,0.0,0,0,1,-0.024161246,0.9407836
1,4,0.0,0,0,0,-0.022209529,0.93961936
1,4,0.0,0,1,1,-0.023073953,0.93846154
1,4,0.0,0,1,0,-0.021668714,0.9372474
1,4,0.0,0,2,1,-0.015417874,0.9430087
1,4,0.0,0,2,0,-0.014787026,0.9420492
1,4,0.0,2,0,1,-0.08069028,0.94085735
1,4,0.0,2,0,0,-0.06313451,0.9432277
1,4,0.0,2,1,1,-0.07492405,0.93836284
1,4,0.0,2,1,0,-0.0567849,0.9400892
1,4,0.0,2,2,1,-0.06138138,0.9409929
1,4,0.0,2,2,0,-0.044386778,0.9419162
1,4,0.25,1,0,1,0.47682577,0.9469002
1,4,0.25,1,0,0,0.49887672,0.9455793
1,4,0.25,1,1,1,0.4655083,0.94407946
1,4,0.25,1,1,0,0.4906727,0.9428727
1,4,0.25,1,2,1,0.4260587,0.9464633
1,4,0.25,1,2,0,0.45156336,0.94563866
1,4,0.25,3,0,1,0.22088562,0.95696473
1,4,0.25,3,0,0,0.22510149,0.95631504
1,4,0.25,3,1,1,0.22504166,0.9530023
1,4,0.25,3,1,0,0.22892772,0.95230126
1,4,0.25,3,2,1,0.21530335,0.9534961
1,4,0.25,3,2,0,0.21884128,0.95284194
1,4,0.25,0,0,1,-0.024580028,0.9401955
1,4,0.25,0,0,0,-0.022708904,0.93899184
1,4,0.25,0,1,1,-0.02356499,0.93784297
1,4,0.25,0,1,0,-0.022244569,0.9365897
1,4,0.25,0,2,1,-0.015962295,0.9424619
1,4,0.25,0,2,0,-0.015417974,0.9414749
1,4,0.25,2,0,1,-0.08363867,0.9397896
1,4,0.25,2,0,0,-0.06571776,0.9422365
1,4,0.25,2,1,1,-0.07799387,0.9372293
1,4,0.25,2,1,0,-0.05951914,0.93899447
1,4,0.25,2,2,1,-0.06429547,0.939925
1,4,0.25,2,2,0,-0.047027964,0.94084513
1,4,0.5,1,0,1,0.47850472,0.946395
1,4,0.5,1,0,0,0.5005505,0.94504374
1,4,0.5,1,1,1,0.4668571,0.9435673
1,4,0.5,1,1,0,0.4920766,0.9423356
1,4,0.5,1,2,1,0.42689055,0.9460218
1,4,0.5,1,2,0,0.45246106,0.9451929
1,4,0.5,3,0,1,0.21703759,0.95700663
1,4,0.5,3,0,0,0.22148286,0.95632815
1,4,0.5,3,1,1,0.22099355,0.95299935
1,4,0.5,3,1,0,0.22515364,0.9522556
1,4,0.5,3,2,1,0.21140686,0.9534336
1,4,0.5,3,2,0,0.21522744,0.9527299
1,4,0.5,0,0,1,-0.024311643,0.94014865
1,4,0.5,0,0,0,-0.022522587,0.9389337
1,4,0.5,0,1,1,-0.0233653,0.9377953
1,4,0.5,0,1,0,-0.022127043,0.9365324
1,4,0.5,0,2,1,-0.015902098,0.94241816
1,4,0.5,0,2,0,-0.01544109,0.9414244
1,4,0.5,2,0,1,-0.08598964,0.93924075
1,4,0.5,2,0,0,-0.06787185,0.9417303
1,4,0.5,2,1,1,-0.08054319,0.936641
1,4,0.5,2,1,0,-0.061917808,0.93842894
1,4,0.5,2,2,1,-0.06681566,0.9393681
1,4,0.5,2,2,0,-0.049458954,0.9402883
1,4,0.75,1,0,1,0.47779822,0.946336
1,4,0.75,1,0,0,0.4996408,0.9449735
1,4,0.75,1,1,1,0.46591026,0.9435478
1,4,0.75,1,1,0,0.49092668,0.9423093
1,4,0.75,1,2,1,0.4257505,0.94605064
1,4,0.75,1,2,0,0.45112342,0.945225
1,4,0.75,3,0,1,0.21221437,0.95737153
1,4,0.75,3,0,0,0.21687035,0.9566744
1,4,0.75,3,1,1,0.21594395,0.953369
1,4,0.75,3,1,0,0.22036271,0.9525941
1,4,0.75,3,2,1,0.20658915,0.9537392
1,4,0.75,3,2,0,0.21067668,0.9529971
1,4,0.75,0,0,1,-0.023369592,0.940645
1,4,0.75,0,0,0,-0.02166083,0.93944865
1,4,0.75,0,1,1,-0.022489216,0.9383202
1,4,0.75,0,1,0,-0.02132998,0.9370782
1,4,0.75,0,2,1,-0.015246283,0.9428791
1,4,0.75,0,2,0,-0.014863789,0.9418998
1,4,0.75,2,0,1,-0.087682486,0.93924004
1,4,0.75,2,0,0,-0.0695471,0.9417337
1,4,0.75,2,1,1,-0.08250882,0.93662727
1,4,0.75,2,1,0,-0.06392303,0.9384206
1,4,0.75,2,2,1,-0.06888224,0.93934834
1,4,0.75,2,2,0,-0.051620033,0.94027436
1,4,1.0,1,0,1,0.47471544,0.9467281
1,4,1.0,1,0,0,0.4961606,0.94537455
1,4,1.0,1,1,1,0.46268636,0.9440251
1,4,1.0,1,1,0,0.48724052,0.9427987
1,4,1.0,1,2,1,0.4226691,0.9465522
1,4,1.0,1,2,0,0.44758075,0.94573635
1,4,1.0,3,0,1,0.20651624,0.95804465
1,4,1.0,3,0,0,0.21135722,0.95734
1,4,1.0,3,1,1,0.21000065,0.95409626
1,4,1.0,3,1,0,0.21465223,0.9533035
1,4,1.0,3,2,1,0.20095022,0.9544015
1,4,1.0,3,2,0,0.20527811,0.953634
1,4,1.0,0,0,1,-0.021794539,0.94166327
1,4,1.0,0,0,0,-0.020164903,0.94051313
1,4,1.0,0,1,1,-0.02097753,0.939395
1,4,1.0,0,1,0,-0.019895595,0.9382024
1,4,1.0,0,2,1,-0.014026377,0.94382554
1,4,1.0,0,2,0,-0.01371688,0.94288075
1,4,1.0,2,0,1,-0.08867596,0.9397923
1,4,1.0,2,0,0,-0.07070257,0.94224954
1,4,1.0,2,1,1,-0.08383955,0.9371922
1,4,1.0,2,1,0,-0.06547578,0.9389723
1,4,1.0,2,2,1,-0.07043964,0.93986857
1,4,1.0,2,2,0,-0.053434793,0.94080573
1,5,0.0,1,0,1,0.7143231,0.9394085
1,5,0.0,1,0,0,0.74302965,0.934495
1,5,0.0,1,1,1,0.70806223,0.9394673
1,5,0.0,1,1,0,0.7383445,0.93464464
1,5,0.0,1,2,1,0.6570936,0.94550043
1,5,0.0,1,2,0,0.68627626,0.9415615
1,5,0.0,3,0,1,0.25853142,0.9641659
1,5,0.0,3,0,0,0.24961022,0.96485984
1,5,0.0,3,1,1,0.2724653,0.95971864
1,5,0.0,3,1,0,0.26173705,0.96060866
1,5,0.0,3,2,1,0.2694321,0.9590147
1,5,0.0,3,2,0,0.25834557,0.9599203
1,5,0.0,0,0,1,0.12130998,0.9533478
1,5,0.0,0,0,0,0.13463826,0.9510751
1,5,0.0,0,1,1,0.11216012,0.9501818
1,5,0.0,0,1,0,0.12459552,0.94745106
1,5,0.0,0,2,1,0.09587298,0.9524079
1,5,0.0,0,2,0,0.10510437,0.9497609
1,5,0.0,2,0,1,0.057765946,0.93660843
1,5,0.0,2,0,0,0.08097029,0.93931234
1,5,0.0,2,1,1,0.054062128,0.9332447
1,5,0.0,2,1,0,0.07835966,0.9360005
1,5,0.0,2,2,1,0.051294673,0.93574005
1,5,0.0,2,2,0,0.07444022,0.93826705
1,5,0.25,1,0,1,0.7204339,0.9380295
1,5,0.25,1,0,0,0.7493446,0.9329164
1,5,0.25,1,1,1,0.71364796,0.9382067
1,5,0.25,1,1,0,0.7440915,0.9332174
1,5,0.25,1,2,1,0.661606,0.9445461
1,5,0.25,1,2,0,0.69089085,0.94051266
1,5,0.25,3,0,1,0.25675786,0.96403235
1,5,0.25,3,0,0,0.24792553,0.96467537
1,5,0.25,3,1,1,0.27050602,0.9595393
1,5,0.25,3,1,0,0.2598812,0.96035826
1,5,0.25,3,2,1,0.26745033,0.9588056
1,5,0.25,3,2,0,0.25647354,0.95963097
1,5,0.25,0,0,1,0.12158999,0.9530482
1,5,0.25,0,0,0,0.13490885,0.9507174
1,5,0.25,0,1,1,0.11217944,0.94983405
1,5,0.25,0,1,0,0.12454127,0.9470276
1,5,0.25,0,2,1,0.09557843,0.95206475
1,5,0.25,0,2,0,0.104631126,0.94934154
1,5,0.25,2,0,1,0.05640236,0.9356102
1,5,0.25,2,0,0,0.0802014,0.93833005
1,5,0.25,2,1,1,0.05208202,0.9318703
1,5,0.25,2,1,0,0.07699485,0.93471664
1,5,0.25,2,2,1,0.048905414,0.93415165
1,5,0.25,2,2,0,0.07264303,0.9368364
1,5,0.5,1,0,1,0.72273415,0.9372002
1,5,0.5,1,0,0,0.751585,0.93196535
1,5,0.5,1,1,1,0.7154651,0.93749815
1,5,0.5,1,1,0,0.7457954,0.93242276
1,5,0.5,1,2,1,0.66273385,0.94406635
1,5,0.5,1,2,0,0.69184333,0.940003
1,5,0.5,3,0,1,0.25376227,0.9641616
1,5,0.5,3,0,0,0.24511991,0.9647407
1,5,0.5,3,1,1,0.2671618,0.95968664
1,5,0.5,3,1,0,0.25677735,0.9604146
1,5,0.5,3,2,1,0.264071,0.958939
1,5,0.5,3,2,0,0.25335672,0.95966077
1,5,0.5,0,0,1,0.12144266,0.95314926
1,5,0.5,0,0,0,0.13460653,0.9507993
1,5,0.5,0,1,1,0.11187816,0.9499377
1,5,0.5,0,1,0,0.1240304,0.9471088
1,5,0.5,0,2,1,0.09517732,0.95214444
1,5,0.5,0,2,0,0.10401477,0.94939584
1,5,0.5,2,0,1,0.054878347,0.93520206
1,5,0.5,2,0,0,0.0790162,0.93790054
1,5,0.5,2,1,1,0.049970366,0.931122
1,5,0.5,2,1,0,0.0752275,0.9340256
1,5,0.5,2,2,1,0.046412468,0.93315345
1,5,0.5,2,2,0,0.070485115,0.93597066
1,5,0.75,1,0,1,0.7211501,0.93696254
1,5,0.75,1,0,0,0.74967515,0.9316961
1,5,0.75,1,1,1,0.71346515,0.9373756
1,5,0.75,1,1,0,0.74341357,0.9323032
1,5,0.75,1,2,1,0.66046387,0.9440802
1,5,0.75,1,2,0,0.6891424,0.94005257
1,5,0.75,3,0,1,0.24961351,0.96454656
1,5,0.75,3,0,0,0.24125408,0.965052
1,5,0.75,3,1,1,0.26252243,0.9601505
1,5,0.75,3,1,0,0.25250173,0.9607732
1,5,0.75,3,2,1,0.25939626,0.9594027
1,5,0.75,3,2,0,0.24907565,0.9600059
1,5,0.75,0,0,1,0.1208787,0.9536457
1,5,0.75,0,0,0,0.1337521,0.95131665
1,5,0.75,0,1,1,0.11127718,0.9504878
1,5,0.75,0,1,0,0.123105615,0.94768995
1,5,0.75,0,2,1,0.09469512,0.9526439
1,5,0.75,0,2,0,0.10330598,0.9499228
1,5,0.75,2,0,1,0.053203102,0.9354008
1,5,0.75,2,0,0,0.077388555,0.9380446
1,5,0.75,2,1,1,0.047774486,0.9310406
1,5,0.75,2,1,0,0.07307558,0.93396324
1,5,0.75,2,2,1,0.04389389,0.93280625
1,5,0.75,2,2,0,0.068010636,0.93571717
1,5,1.0,1,0,1,0.71570915,0.9373333
1,5,1.0,1,0,0,0.74364465,0.9321334
1,5,1.0,1,1,1,0.70769703,0.9378473
1,5,1.0,1,1,0,0.73700273,0.9328686
1,5,1.0,1,2,1,0.6548658,0.9445861
1,5,1.0,1,2,0,0.6828846,0.9406567
1,5,1.0,3,0,1,0.24440871,0.9651707
1,5,1.0,3,0,0,0.23641405,0.9655967
1,5,1.0,3,1,1,0.25671378,0.96090764
1,5,1.0,3,1,0,0.2471603,0.96141815
1,5,1.0,3,2,1,0.2535631,0.9601714
1,5,1.0,3,2,0,0.24374197,0.96064997
1,5,1.0,0,0,1,0.11992581,0.9545162
1,5,1.0,0,0,0,0.13239144,0.9522457
1,5,1.0,0,1,1,0.11040655,0.95145905
1,5,1.0,0,1,0,0.12182462,0.94874156
1,5,1.0,0,2,1,0.09414813,0.9535407
1,5,1.0,0,2,0,0.10252392,0.9508965
1,5,1.0,2,0,1,0.051399585,0.9361962
1,5,1.0,2,0,0,0.075331196,0.9387572
1,5,1.0,2,1,1,0.04555268,0.9316372
1,5,1.0,2,1,0,0.07059112,0.934537
1,5,1.0,2,2,1,0.041437443,0.9331431
1,5,1.0,2,2,0,0.0653013,0.9360946
